ID,Name,Email,Age,Country
1,Clever Elephant,87817d77952333bb@example.com,49,Randomland
2,Sunny Dog,02bf701bb546f6e5@example.com,30,Randomland
3,Happy Cat,dc5851d3c450f13e@example.com,53,Randomland
4,Smart Cat,73c8a99941d43581@example.com,61,Randomland
5,Clever Tiger,fd6acbd6eec8c55a@example.com,45,Randomland
6,Sunny Dolphin,3daccd4e72e489c8@example.com,42,Randomland
7,Happy Cat,66e4588288c24fb6@example.com,66,Randomland
8,Happy Dolphin,1f192018e9687491@example.com,26,Randomland
9,Brave Dog,582a746ec43f1da6@example.com,40,Randomland
10,Smart Dolphin,203587488bf3ae11@example.com,27,Randomland
